<res>
   <item name="comp/tab" type="" compress="0" pack="0" quality="80" props="" picType="0" scale="0"/>
   <item name="comp/scroll/vscroll.png" type="VScrollBar" compress="0" pack="1" quality="80" props="sizeGrid=71,2,59,2" picType="0" scale="0"/>
   <item name="comp/bg/zhankai.png" type="Image" compress="0" pack="0" quality="80" props="sizeGrid=10,10,10,10" picType="0" scale="0"/>
   <item name="comp/bg/tydikuang.png" type="Image" compress="0" pack="0" quality="80" props="sizeGrid=20,20,20,20" picType="0" scale="0"/>
   <item name="comp/image/skill_4.png" type="Image" compress="0" pack="0" quality="80" props="" picType="0" scale="0"/>
   <item name="comp/bg/kuang.png" type="Image" compress="0" pack="0" quality="80" props="sizeGrid=14,15,15,15" picType="0" scale="0"/>
   <item name="hud/dikuang4.png" type="Image" compress="0" pack="0" quality="80" props="" picType="0" scale="0"/>
   <item name="jingji/goumai/dikuang.png" type="Image" compress="0" pack="0" quality="80" props="sizeGrid=0,23,0,21" picType="0" scale="0"/>
   <item name="comp/bg/dikuang5.png" type="Image" compress="0" pack="0" quality="80" props="sizeGrid=0,17,0,15" picType="0" scale="0"/>
   <item name="comp/bg/kuang.png" type="Image" compress="0" pack="0" quality="80" props="sizeGrid=38,54,43,48" picType="0" scale="0"/>
   <item name="hud/banniang.png" type="Image" compress="0" pack="2" quality="80" props="" picType="0" scale="0"/>
   <item name="comp/bg/kuang2.png" type="Image" compress="0" pack="0" quality="80" props="sizeGrid=8,8,8,8" picType="0" scale="0"/>
   <item name="fonts/yahei.png" type="Image" compress="0" pack="2" quality="80" props="" picType="0" scale="0"/>
   <item name="fonts/yahei.fnt" type="Image" compress="0" pack="2" quality="80" props="" picType="0" scale="0"/>
   <item name="comp/button/btn_fanhui.png" type="Button" compress="0" pack="0" quality="80" props="" picType="0" scale="0"/>
   <item name="comp/button/btn_yijian.png" type="Button" compress="0" pack="0" quality="80" props="sizeGrid=16,19,15,17" picType="0" scale="0"/>
   <item name="denglu/btn_denglu_fuwuqi.png" type="Button" compress="0" pack="0" quality="80" props="sizeGrid=20,20,20,20" picType="0" scale="0"/>
   <item name="denglu/btn_denglu_zhuxiao.png" type="Button" compress="0" pack="0" quality="80" props="sizeGrid=10,20,10,20" picType="0" scale="0"/>
   <item name="comp/button/button_shuoming.png" type="Button" compress="0" pack="0" quality="80" props="" picType="0" scale="0"/>
   <item name="preload/logo_da.png" type="Image" compress="0" pack="2" quality="80" props="" picType="0" scale="0"/>
   <item name="comp/image/loading_circle.png" type="Image" compress="0" pack="0" quality="80" props="" picType="0" scale="0"/>
   <item name="shenqi/30001.png" type="Image" compress="0" pack="2" quality="80" props="" picType="0" scale="0"/>
   <item name="shenqi/30002.png" type="Image" compress="0" pack="2" quality="80" props="" picType="0" scale="0"/>
   <item name="shenqi/30003.png" type="Image" compress="0" pack="2" quality="80" props="" picType="0" scale="0"/>
   <item name="shenqi/30004.png" type="Image" compress="0" pack="2" quality="80" props="" picType="0" scale="0"/>
   <item name="shenqi/30005.png" type="Image" compress="0" pack="2" quality="80" props="" picType="0" scale="0"/>
   <item name="comp/image/gezi.png" type="Image" compress="0" pack="2" quality="80" props="" picType="0" scale="0"/>
   <item name="shenling/fazhen.png" type="Image" compress="0" pack="2" quality="80" props="" picType="0" scale="0"/>
   <item name="comp/image/fazhen.png" type="Image" compress="0" pack="2" quality="80" props="" picType="0" scale="0"/>
   <item name="comp/progressbar/xuetiaokuang.png" type="Image" compress="0" pack="1" quality="80" props="sizeGrid=35,50,-3,50" picType="0" scale="0"/>
   <item name="kaichang/mingzikuang.png" type="Image" compress="0" pack="2" quality="80" props="" picType="0" scale="0"/>
   <item name="comp/bg/di.png" type="Image" compress="0" pack="0" quality="80" props="sizeGrid=60,720,50,0" picType="0" scale="0"/>
   <item name="shenling/touying.png" type="Image" compress="0" pack="2" quality="80" props="" picType="0" scale="0"/>
   <item name="shouchong/shouchong_1.png" type="Image" compress="0" pack="2" quality="80" props="" picType="0" scale="0"/>
   <item name="shouchong/shouchong_2.png" type="Image" compress="0" pack="2" quality="80" props="" picType="0" scale="0"/>
   <item name="shouchong/shouchong_3.png" type="Image" compress="0" pack="2" quality="80" props="" picType="0" scale="0"/>
   <item name="comp/bg/biaotikuang.png" type="Image" compress="0" pack="0" quality="80" props="sizeGrid=10,10,10,10" picType="0" scale="0"/>
   <item name="comp/bg/biaoti.png" type="Image" compress="0" pack="1" quality="80" props="" picType="0" scale="0"/>
   <item name="comp/input_shuru.png" type="TextInput" compress="0" pack="0" quality="80" props="sizeGrid=25,30,25,30" picType="0" scale="0"/>
   <item name="comp/image/huodong_wupinxuanzhong.png" type="Image" compress="0" pack="0" quality="80" props="sizeGrid=20,20,20,20" picType="0" scale="0"/>
   <item name="comp/button/button.png" type="Button" compress="0" pack="0" quality="80" props="stateNum=2@@!@@sizeGrid=20,20,20,20" picType="0" scale="0"/>
   <item name="comp/bg/tydikuang.png" type="Image" compress="0" pack="0" quality="80" props="sizeGrid=20,20,20,20" picType="0" scale="0"/>
   <item name="comp/bg/tydikuang2.png" type="Image" compress="0" pack="0" quality="80" props="sizeGrid=20,20,20,20" picType="0" scale="0"/>
   <item name="hud/playerinfo/jinbidi.png" type="Image" compress="0" pack="0" quality="80" props="sizeGrid=15,19,15,19" picType="0" scale="0"/>
   <item name="comp/bg/zhezhao3.png" type="Image" compress="0" pack="1" quality="80" props="" picType="0" scale="0"/>
   <item name="comp/bg/ryzz_di00.png" type="Image" compress="0" pack="0" quality="80" props="sizeGrid=45,12,13,12" picType="0" scale="0"/>
   <item name="gonghui/mingchengkuang.png" type="Image" compress="0" pack="0" quality="80" props="sizeGrid=18,66,20,66" picType="0" scale="0"/>
   <item name="comp/bg/zhanzhong_xinxidi.png" type="Image" compress="0" pack="0" quality="80" props="sizeGrid=10,11,10,11" picType="0" scale="0"/>
   <item name="jizhanshengyu/jzsy_bj13.png" type="Image" compress="0" pack="0" quality="80" props="sizeGrid=15,14,13,13" picType="0" scale="0"/>
   <item name="jizhanshengyu/jzsy_bj14.png" type="Image" compress="0" pack="0" quality="80" props="sizeGrid=13,15,15,13" picType="0" scale="0"/>
   <item name="comp/bg/bg36.png" type="Image" compress="0" pack="0" quality="80" props="sizeGrid=13,36,10,41" picType="0" scale="0"/>
   <item name="hud/chat/duihuakuang.png" type="Image" compress="0" pack="0" quality="80" props="sizeGrid=26,22,21,31" picType="0" scale="0"/>
   <item name="hud/chat/duihuakuang1.png" type="Image" compress="0" pack="0" quality="80" props="sizeGrid=12,37,34,16" picType="0" scale="0"/>
   <item name="comp/bg/wenbenkuang01.png" type="Image" compress="0" pack="0" quality="80" props="sizeGrid=47,58,50,60" picType="0" scale="0"/>
   <item name="comp/bg/biaotikuang01.png" type="Image" compress="0" pack="0" quality="80" props="sizeGrid=0,48,0,47" picType="0" scale="0"/>
   <item name="comp/flag/woyaobianqiang_butiao03.png" type="Image" compress="0" pack="2" quality="80" props="sizeGrid=0,18,0,20" picType="0" scale="0"/>
   <item name="comp/image/huodonghongtiao.png" type="Image" compress="0" pack="0" quality="80" props="sizeGrid=0,15,0,20" picType="0" scale="0"/>
   <item name="guaji/guaji05.png" type="Image" compress="0" pack="0" quality="80" props="sizeGrid=18,30,43,41" picType="0" scale="0"/>
   <item name="guaji/sjdt/sjdt_01.png" type="Image" compress="0" pack="2" quality="80" props="" picType="0" scale="0"/>
   <item name="guaji/sjdt/sjdt_02.png" type="Image" compress="0" pack="2" quality="80" props="" picType="0" scale="0"/>
   <item name="guaji/sjdt/sjdt_03.png" type="Image" compress="0" pack="2" quality="80" props="" picType="0" scale="0"/>
   <item name="guaji/sjdt/sjdt_04.png" type="Image" compress="0" pack="2" quality="80" props="" picType="0" scale="0"/>
   <item name="guaji/sjdt/sjdt_05.png" type="Image" compress="0" pack="2" quality="80" props="" picType="0" scale="0"/>
   <item name="guaji/sjdt/sjdt_06.png" type="Image" compress="0" pack="2" quality="80" props="" picType="0" scale="0"/>
   <item name="guaji/sjdt/sjdt_07.png" type="Image" compress="0" pack="2" quality="80" props="" picType="0" scale="0"/>
   <item name="guaji/sjdt/sjdt_08.png" type="Image" compress="0" pack="2" quality="80" props="" picType="0" scale="0"/>
   <item name="guaji/sjdt/sjdt_09.png" type="Image" compress="0" pack="2" quality="80" props="" picType="0" scale="0"/>
   <item name="guaji/sjdt/sjdt_10.png" type="Image" compress="0" pack="2" quality="80" props="" picType="0" scale="0"/>
   <item name="comp/image/wxqun.png" type="Image" compress="0" pack="2" quality="80" props="" picType="0" scale="0"/>
   <item name="comp/image/wxqun.jpg" type="Image" compress="0" pack="2" quality="80" props="" picType="0" scale="0"/>
   <item name="comp/bg/kuang100.png" type="Image" compress="0" pack="0" quality="80" props="sizeGrid=18,17,16,18" picType="0" scale="0"/>
   <item name="hud/playerinfo/liaotiandi.png" type="Image" compress="0" pack="0" quality="80" props="sizeGrid=30,20,30,20" picType="0" scale="0"/>
   <item name="guaji/fulizhushoukuang.png" type="Image" compress="0" pack="2" quality="80" props="" picType="0" scale="0"/>
   <item name="friend/btn_biaoqing.png" type="Button" compress="0" pack="0" quality="80" props="anchorX=0.5@@!@@anchorY=0.5" picType="0" scale="0"/>
   <item name="comp/button/btn_buzhen2.png" type="Button" compress="0" pack="0" quality="80" props="anchorX=0.5@@!@@anchorY=0.5" picType="0" scale="0"/>
   <item name="comp/button/btn_chakanshouyi.png" type="Button" compress="0" pack="0" quality="80" props="anchorX=0.5@@!@@anchorY=0.5" picType="0" scale="0"/>
   <item name="comp/button/btn_chuandaishenqi.png" type="Button" compress="0" pack="0" quality="80" props="anchorX=0.5@@!@@anchorY=0.5" picType="0" scale="0"/>
   <item name="comp/button/btn_dengluyouxi.png" type="Button" compress="0" pack="0" quality="80" props="anchorX=0.5@@!@@anchorY=0.5" picType="0" scale="0"/>
   <item name="comp/button/btn_dianzan.png" type="Button" compress="0" pack="0" quality="80" props="anchorX=0.5@@!@@anchorY=0.5" picType="0" scale="0"/>
   <item name="comp/button/btn_fangdajing.png" type="Button" compress="0" pack="0" quality="80" props="anchorX=0.5@@!@@anchorY=0.5" picType="0" scale="0"/>
   <item name="comp/button/btn_ghxx.png" type="Button" compress="0" pack="0" quality="80" props="anchorX=0.5@@!@@anchorY=0.5" picType="0" scale="0"/>
   <item name="comp/button/btn_jiahao.png" type="Button" compress="0" pack="0" quality="80" props="anchorX=0.5@@!@@anchorY=0.5" picType="0" scale="0"/>
   <item name="comp/button/btn_jianshao.png" type="Button" compress="0" pack="0" quality="80" props="anchorX=0.5@@!@@anchorY=0.5" picType="0" scale="0"/>
   <item name="comp/button/btn_jiantou.png" type="Button" compress="0" pack="0" quality="80" props="anchorX=0.5@@!@@anchorY=0.5" picType="0" scale="0"/>
   <item name="guaji/btn_jingji.png" type="Button" compress="0" pack="0" quality="80" props="anchorX=0.5@@!@@anchorY=0.5" picType="0" scale="0"/>
   <item name="comp/button/btn_jujue.png" type="Button" compress="0" pack="0" quality="80" props="anchorX=0.5@@!@@anchorY=0.5" picType="0" scale="0"/>
   <item name="guaji/btn_lilian.png" type="Button" compress="0" pack="0" quality="80" props="anchorX=0.5@@!@@anchorY=0.5" picType="0" scale="0"/>
   <item name="jizhanshengyu/btn_lkdw.png" type="Button" compress="0" pack="0" quality="80" props="anchorX=0.5@@!@@anchorY=0.5" picType="0" scale="0"/>
   <item name="guaji/btn_maoxian.png" type="Button" compress="0" pack="0" quality="80" props="anchorX=0.5@@!@@anchorY=0.5" picType="0" scale="0"/>
   <item name="friend/btn_qiecup_icon.png" type="Button" compress="0" pack="0" quality="80" props="anchorX=0.5@@!@@anchorY=0.5" picType="0" scale="0"/>
   <item name="comp/button/btn_shanghaipaihang.png" type="Button" compress="0" pack="0" quality="80" props="anchorX=0.5@@!@@anchorY=0.5" picType="0" scale="0"/>
   <item name="comp/button/btn_shenling2.png" type="Button" compress="0" pack="0" quality="80" props="anchorX=0.5@@!@@anchorY=0.5" picType="0" scale="0"/>
   <item name="comp/button/btn_shenqi2.png" type="Button" compress="0" pack="0" quality="80" props="anchorX=0.5@@!@@anchorY=0.5" picType="0" scale="0"/>
   <item name="comp/button/btn_shouchong2.png" type="Button" compress="0" pack="0" quality="80" props="anchorX=0.5@@!@@anchorY=0.5" picType="0" scale="0"/>
   <item name="comp/button/btn_shuliang.png" type="Button" compress="0" pack="0" quality="80" props="anchorX=0.5@@!@@anchorY=0.5" picType="0" scale="0"/>
   <item name="comp/button/btn_shuoming.png" type="Button" compress="0" pack="0" quality="80" props="anchorX=0.5@@!@@anchorY=0.5" picType="0" scale="0"/>
   <item name="friend/btn_siliao.png" type="Button" compress="0" pack="0" quality="80" props="anchorX=0.5@@!@@anchorY=0.5" picType="0" scale="0"/>
   <item name="comp/button/btn_sousuo.png" type="Button" compress="0" pack="0" quality="80" props="anchorX=0.5@@!@@anchorY=0.5" picType="0" scale="0"/>
   <item name="comp/button/btn_tisheng.png" type="Button" compress="0" pack="0" quality="80" props="anchorX=0.5@@!@@anchorY=0.5" picType="0" scale="0"/>
   <item name="comp/button/btn_tongyi.png" type="Button" compress="0" pack="0" quality="80" props="anchorX=0.5@@!@@anchorY=0.5" picType="0" scale="0"/>
   <item name="comp/button/btn_yingxionggenghuan.png" type="Button" compress="0" pack="0" quality="80" props="anchorX=0.5@@!@@anchorY=0.5" picType="0" scale="0"/>
   <item name="comp/button/btn_yingxiongziliao.png" type="Button" compress="0" pack="0" quality="80" props="anchorX=0.5@@!@@anchorY=0.5" picType="0" scale="0"/>
   <item name="jizhanshengyu/btn_yjyq.png" type="Button" compress="0" pack="0" quality="80" props="anchorX=0.5@@!@@anchorY=0.5" picType="0" scale="0"/>
   <item name="comp/button/btn_zengjia.png" type="Button" compress="0" pack="0" quality="80" props="anchorX=0.5@@!@@anchorY=0.5" picType="0" scale="0"/>
   <item name="fight/btn_zhanzhong01.png" type="Button" compress="0" pack="0" quality="80" props="anchorX=0.5@@!@@anchorY=0.5" picType="0" scale="0"/>
   <item name="fight/btn_zhanzhong02.png" type="Button" compress="0" pack="0" quality="80" props="anchorX=0.5@@!@@anchorY=0.5" picType="0" scale="0"/>
   <item name="fight/btn_zhanzhong03.png" type="Button" compress="0" pack="0" quality="80" props="anchorX=0.5@@!@@anchorY=0.5" picType="0" scale="0"/>
   <item name="comp/button/btn_zhenyingkezhi.png" type="Button" compress="0" pack="0" quality="80" props="anchorX=0.5@@!@@anchorY=0.5" picType="0" scale="0"/>
   <item name="comp/button/btn_zhuangbei2.png" type="Button" compress="0" pack="0" quality="80" props="anchorX=0.5@@!@@anchorY=0.5" picType="0" scale="0"/>
   <item name="comp/button/btn_zhuangbeifenjie.png" type="Button" compress="0" pack="0" quality="80" props="anchorX=0.5@@!@@anchorY=0.5" picType="0" scale="0"/>
   <item name="comp/button/button_pingjia.png" type="Button" compress="0" pack="0" quality="80" props="anchorX=0.5@@!@@anchorY=0.5" picType="0" scale="0"/>
   <item name="comp/button/fanhui.png" type="Image" compress="0" pack="0" quality="80" props="anchorX=0.5@@!@@anchorY=0.5" picType="0" scale="0"/>
   <item name="comp/title/gonghui.png" type="Image" compress="0" pack="2" quality="80" props="" picType="0" scale="0"/>
   <item name="comp/title/gonghuizhan.png" type="Image" compress="0" pack="2" quality="80" props="" picType="0" scale="0"/>
   <item name="comp/title/jingji.png" type="Image" compress="0" pack="2" quality="80" props="" picType="0" scale="0"/>
   <item name="comp/title/jingjichang.png" type="Image" compress="0" pack="2" quality="80" props="" picType="0" scale="0"/>
   <item name="comp/title/jizhanshenyu.png" type="Image" compress="0" pack="2" quality="80" props="" picType="0" scale="0"/>
   <item name="comp/title/lilian.png" type="Image" compress="0" pack="2" quality="80" props="" picType="0" scale="0"/>
   <item name="comp/title/maoxian.png" type="Image" compress="0" pack="2" quality="80" props="" picType="0" scale="0"/>
   <item name="comp/title/miwusenglin.png" type="Image" compress="0" pack="2" quality="80" props="" picType="0" scale="0"/>
   <item name="comp/title/pipeishai.png" type="Image" compress="0" pack="2" quality="80" props="" picType="0" scale="0"/>
   <item name="comp/title/rongyuzhizhan.png" type="Image" compress="0" pack="2" quality="80" props="" picType="0" scale="0"/>
   <item name="comp/title/shemidaoyu.png" type="Image" compress="0" pack="2" quality="80" props="" picType="0" scale="0"/>
   <item name="comp/title/shiliantan.png" type="Image" compress="0" pack="2" quality="80" props="" picType="0" scale="0"/>
   <item name="comp/title/siluoyiji.png" type="Image" compress="0" pack="2" quality="80" props="" picType="0" scale="0"/>
   <item name="comp/title/zhaohuan.png" type="Image" compress="0" pack="2" quality="80" props="" picType="0" scale="0"/>
   <item name="comp/flag/renwu_icon01.png" type="Image" compress="0" pack="2" quality="80" props="" picType="0" scale="0"/>
   <item name="comp/flag/renwu_icon02.png" type="Image" compress="0" pack="2" quality="80" props="" picType="0" scale="0"/>
   <item name="comp/flag/renwu_icon03.png" type="Image" compress="0" pack="2" quality="80" props="" picType="0" scale="0"/>
   <item name="comp/flag/renwu_icon04.png" type="Image" compress="0" pack="2" quality="80" props="" picType="0" scale="0"/>
   <item name="comp/flag/renwu_icon05.png" type="Image" compress="0" pack="2" quality="80" props="" picType="0" scale="0"/>
   <item name="comp/image/jingji_1.png" type="Image" compress="0" pack="2" quality="80" props="" picType="0" scale="0"/>
   <item name="comp/image/jingji_2.png" type="Image" compress="0" pack="2" quality="80" props="" picType="0" scale="0"/>
   <item name="comp/image/jingji_3.png" type="Image" compress="0" pack="2" quality="80" props="" picType="0" scale="0"/>
   <item name="comp/flag/rank1.png" type="Image" compress="0" pack="2" quality="80" props="" picType="0" scale="0"/>
   <item name="comp/flag/rank2.png" type="Image" compress="0" pack="2" quality="80" props="" picType="0" scale="0"/>
   <item name="comp/flag/rank3.png" type="Image" compress="0" pack="2" quality="80" props="" picType="0" scale="0"/>
   <item name="comp/image/bojindi.png" type="Image" compress="0" pack="2" quality="80" props="" picType="0" scale="0"/>
   <item name="comp/image/diyidikuang.png" type="Image" compress="0" pack="2" quality="80" props="" picType="0" scale="0"/>
   <item name="comp/image/duanwei_0.png" type="Image" compress="0" pack="2" quality="80" props="" picType="0" scale="0"/>
   <item name="comp/image/duanwei_1.png" type="Image" compress="0" pack="2" quality="80" props="" picType="0" scale="0"/>
   <item name="comp/image/duanwei_2.png" type="Image" compress="0" pack="2" quality="80" props="" picType="0" scale="0"/>
   <item name="comp/image/duanwei_3.png" type="Image" compress="0" pack="2" quality="80" props="" picType="0" scale="0"/>
   <item name="comp/image/duanwei_4.png" type="Image" compress="0" pack="2" quality="80" props="" picType="0" scale="0"/>
   <item name="comp/image/duanwei_5.png" type="Image" compress="0" pack="2" quality="80" props="" picType="0" scale="0"/>
   <item name="gonghui/donation/zuanshi_328.png" type="Image" compress="0" pack="2" quality="80" props="" picType="0" scale="0"/>
   <item name="gonghui/donation/zuanshi_648.png" type="Image" compress="0" pack="2" quality="80" props="" picType="0" scale="0"/>
   <item name="hud/playerinfo/duihua.png" type="Image" compress="0" pack="0" quality="80" props="anchorX=0.5@@!@@anchorY=0.5" picType="0" scale="0"/>
   <item name="rongyaozhizhan/btn_yazhu.png" type="Button" compress="0" pack="0" quality="80" props="anchorX=0.5@@!@@anchorY=0.5" picType="0" scale="0"/>
   <item name="rongyaozhizhan/btn_vs.png" type="Button" compress="0" pack="0" quality="80" props="anchorX=0.5@@!@@anchorY=0.5" picType="0" scale="0"/>
   <item name="hud/playerinfo/zhuchengUI_03.png" type="Image" compress="0" pack="0" quality="80" props="anchorX=0.5@@!@@anchorY=0.5" picType="0" scale="0"/>
   <item name="comp/title/tanxian.png" type="Image" compress="0" pack="2" quality="80" props="" picType="0" scale="0"/>
   <item name="zhaungbei/baoshiguanlianxiang.png" type="Image" compress="0" pack="2" quality="80" props="" picType="0" scale="0"/>
   <item name="zhaungbei/chengse1.png" type="Image" compress="0" pack="2" quality="80" props="" picType="0" scale="0"/>
   <item name="zhaungbei/hongse1.png" type="Image" compress="0" pack="2" quality="80" props="" picType="0" scale="0"/>
   <item name="zhaungbei/jinglian1.png" type="Image" compress="0" pack="2" quality="80" props="" picType="0" scale="0"/>
   <item name="zhaungbei/qianghua1.png" type="Image" compress="0" pack="2" quality="80" props="" picType="0" scale="0"/>
   <item name="zhaungbei/zhaungbeipinzhi01.png" type="Image" compress="0" pack="2" quality="80" props="" picType="0" scale="0"/>
   <item name="zhaungbei/zhaungbeipinzhi02.png" type="Image" compress="0" pack="2" quality="80" props="" picType="0" scale="0"/>
   <item name="zhaungbei/zhaungbeipinzhi03.png" type="Image" compress="0" pack="2" quality="80" props="" picType="0" scale="0"/>
   <item name="zhaungbei/zhaungbeipinzhi04.png" type="Image" compress="0" pack="2" quality="80" props="" picType="0" scale="0"/>
   <item name="zhaungbei/zhaungbeipinzhi05.png" type="Image" compress="0" pack="2" quality="80" props="" picType="0" scale="0"/>
   <item name="zhaungbei/zhaungbeipinzhi06.png" type="Image" compress="0" pack="2" quality="80" props="" picType="0" scale="0"/>
   <item name="zhaungbei/zizuang1.png" type="Image" compress="0" pack="2" quality="80" props="" picType="0" scale="0"/>
   <item name="zhaungbei/gem_di.png" type="Image" compress="0" pack="2" quality="80" props="" picType="0" scale="0"/>
   <item name="fuli/anniu.png" type="Image" compress="0" pack="0" quality="80" props="" picType="0" scale="0"/>
   <item name="zhaohuan/summonTips.png" type="Image" compress="0" pack="2" quality="80" props="" picType="0" scale="0"/>
   <item name="guaji/boss.png" type="Image" compress="0" pack="0" quality="80" props="anchorX=0.5@@!@@anchorY=0.5" picType="0" scale="0"/>
   <item name="comp/button/btn_fuhuoyingxiong.png" type="Button" compress="0" pack="0" quality="80" props="anchorX=0.5@@!@@anchorY=0.5" picType="0" scale="0"/>
   <item name="comp/button/btn_guizhe.png" type="Button" compress="0" pack="0" quality="80" props="anchorX=0.5@@!@@anchorY=0.5" picType="0" scale="0"/>
   <item name="comp/button/btn_huifushengming.png" type="Button" compress="0" pack="0" quality="80" props="anchorX=0.5@@!@@anchorY=0.5" picType="0" scale="0"/>
   <item name="comp/button/btn_huiyuan.png" type="Button" compress="0" pack="0" quality="80" props="anchorX=0.5@@!@@anchorY=0.5" picType="0" scale="0"/>
   <item name="comp/button/btn_jiangli.png" type="Button" compress="0" pack="0" quality="80" props="anchorX=0.5@@!@@anchorY=0.5" picType="0" scale="0"/>
   <item name="comp/button/btn_jilu.png" type="Button" compress="0" pack="0" quality="80" props="anchorX=0.5@@!@@anchorY=0.5" picType="0" scale="0"/>
   <item name="comp/button/btn_paiming.png" type="Button" compress="0" pack="0" quality="80" props="anchorX=0.5@@!@@anchorY=0.5" picType="0" scale="0"/>
   <item name="comp/button/btn_saijipaiming.png" type="Button" compress="0" pack="0" quality="80" props="anchorX=0.5@@!@@anchorY=0.5" picType="0" scale="0"/>
   <item name="comp/button/btn_shangdian.png" type="Button" compress="0" pack="0" quality="80" props="anchorX=0.5@@!@@anchorY=0.5" picType="0" scale="0"/>
   <item name="comp/button/btn_zhuduixinxi.png" type="Button" compress="0" pack="0" quality="80" props="anchorX=0.5@@!@@anchorY=0.5" picType="0" scale="0"/>
   <item name="comp/title/shijieboss.png" type="Image" compress="0" pack="2" quality="80" props="" picType="0" scale="0"/>
   <item name="fight/victory.png" type="Image" compress="0" pack="1" quality="80" props="" picType="0" scale="0"/>
   <item name="fight/sb.png" type="Image" compress="0" pack="1" quality="80" props="" picType="0" scale="0"/>
   <item name="fight/ryzz_shibai.png" type="Image" compress="0" pack="1" quality="80" props="" picType="0" scale="0"/>
   <item name="fight/ryzz_shengli.png" type="Image" compress="0" pack="1" quality="80" props="" picType="0" scale="0"/>
   <item name="fight/dzjg_Title.png" type="Image" compress="0" pack="1" quality="80" props="" picType="0" scale="0"/>
   <item name="fight/VS.png" type="Image" compress="0" pack="1" quality="80" props="" picType="0" scale="0"/>
   <item name="shenmidaoyu/daoyu_chuanshuo_1.png" type="Image" compress="0" pack="2" quality="80" props="" picType="0" scale="0"/>
   <item name="shenmidaoyu/daoyu_gaoji_2.png" type="Image" compress="0" pack="2" quality="80" props="" picType="0" scale="0"/>
   <item name="shenmidaoyu/daoyu_gaoji_3.png" type="Image" compress="0" pack="2" quality="80" props="" picType="0" scale="0"/>
   <item name="shenmidaoyu/daoyu_putong_1.png" type="Image" compress="0" pack="2" quality="80" props="" picType="0" scale="0"/>
   <item name="shenmidaoyu/daoyu_putong_3.png" type="Image" compress="0" pack="2" quality="80" props="" picType="0" scale="0"/>
   <item name="shenmidaoyu/daoyu_putong_6.png" type="Image" compress="0" pack="2" quality="80" props="" picType="0" scale="0"/>
   <item name="shenmidaoyu/daoyu_putong_8.png" type="Image" compress="0" pack="2" quality="80" props="" picType="0" scale="0"/>
   <item name="comp/image/biaotitou.png" type="Image" compress="0" pack="2" quality="80" props="" picType="0" scale="0"/>
   <item name="comp/image/zhuchengUI_03.png" type="Image" compress="0" pack="0" quality="80" props="anchorX=0.5@@!@@anchorY=0.5" picType="0" scale="0"/>
   <item name="hud/jinbidi.png" type="Image" compress="0" pack="0" quality="80" props="sizeGrid=0,18,0,18" picType="0" scale="0"/>
   <item name="chat/duihuakuang.png" type="Image" compress="0" pack="0" quality="80" props="sizeGrid=30,12,12,21" picType="0" scale="0"/>
   <item name="comp/button/btn_tongyongfenjie.png" type="Button" compress="0" pack="1" quality="80" props="anchorX=0.5@@!@@anchorY=0.5" picType="0" scale="0"/>
   <item name="preload/black.jpg" type="Image" compress="0" pack="2" quality="80" props="" picType="0" scale="0"/>
   <item name="changname/dice_4.png" type="Image" compress="0" pack="2" quality="80" props="" picType="0" scale="0"/>
   <item name="guaji/guanji_01.png" type="Image" compress="0" pack="2" quality="80" props="" picType="0" scale="0"/>
   <item name="jingjichang/lishizuigao_title.png" type="Image" compress="0" pack="2" quality="80" props="" picType="0" scale="0"/>
   <item name="comp/image/juexing.png" type="Image" compress="0" pack="2" quality="80" props="" picType="0" scale="0"/>
   <item name="comp/image/shengxing.png" type="Image" compress="0" pack="2" quality="80" props="" picType="0" scale="0"/>
   <item name="comp/bg/zhuanshiwupdi.png" type="Image" compress="0" pack="2" quality="80" props="" picType="0" scale="0"/>
   <item name="comp/button/button_zhaohuan.png" type="Button" compress="0" pack="0" quality="80" props="anchorX=0.5@@!@@anchorY=0.5" picType="0" scale="0"/>
   <item name="mail/mail_di.png" type="Image" compress="0" pack="0" quality="80" props="" picType="0" scale="0"/>
   <item name="fbutton/bangdingshouji00.png" type="Image" compress="0" pack="2" quality="80" props="" picType="0" scale="0"/>
   <item name="fbutton/banyueqingdian.png" type="Image" compress="0" pack="2" quality="80" props="" picType="0" scale="0"/>
   <item name="fbutton/btn_chongzhi.png" type="Button" compress="0" pack="2" quality="80" props="" picType="0" scale="0"/>
   <item name="fbutton/btn_fenxiang.png" type="Button" compress="0" pack="2" quality="80" props="" picType="0" scale="0"/>
   <item name="fbutton/btn_fuli.png" type="Button" compress="0" pack="2" quality="80" props="" picType="0" scale="0"/>
   <item name="fbutton/btn_huodong.png" type="Button" compress="0" pack="2" quality="80" props="" picType="0" scale="0"/>
   <item name="fbutton/btn_kaifuhaoli.png" type="Button" compress="0" pack="2" quality="80" props="" picType="0" scale="0"/>
   <item name="fbutton/btn_kaifujijin.png" type="Button" compress="0" pack="2" quality="80" props="" picType="0" scale="0"/>
   <item name="fbutton/btn_kaifulibao.png" type="Button" compress="0" pack="2" quality="80" props="" picType="0" scale="0"/>
   <item name="fbutton/btn_qirikuanghuan.png" type="Button" compress="0" pack="2" quality="80" props="" picType="0" scale="0"/>
   <item name="fbutton/btn_renwu.png" type="Button" compress="0" pack="2" quality="80" props="" picType="0" scale="0"/>
   <item name="fbutton/btn_shenlipaihang.png" type="Button" compress="0" pack="2" quality="80" props="" picType="0" scale="0"/>
   <item name="fbutton/btn_shouchong.png" type="Button" compress="0" pack="2" quality="80" props="" picType="0" scale="0"/>
   <item name="fbutton/btn_woyaobianqiang.png" type="Button" compress="0" pack="2" quality="80" props="" picType="0" scale="0"/>
   <item name="fbutton/btn_xianshiregou.png" type="Button" compress="0" pack="2" quality="80" props="" picType="0" scale="0"/>
   <item name="fbutton/btn_xinshoukuanghuan.png" type="Button" compress="0" pack="2" quality="80" props="" picType="0" scale="0"/>
   <item name="fbutton/btn_xinyunzhuangpan.png" type="Button" compress="0" pack="2" quality="80" props="" picType="0" scale="0"/>
   <item name="fbutton/btn_zaixianjiangli.png" type="Button" compress="0" pack="2" quality="80" props="" picType="0" scale="0"/>
   <item name="fbutton/chaojihuiyuan00.png" type="Image" compress="0" pack="2" quality="80" props="" picType="0" scale="0"/>
   <item name="fbutton/dh_fl_icon.png" type="Image" compress="0" pack="2" quality="80" props="" picType="0" scale="0"/>
   <item name="fbutton/djjj_fl_icon.png" type="Image" compress="0" pack="2" quality="80" props="" picType="0" scale="0"/>
   <item name="fbutton/djlb_fl_icon.png" type="Image" compress="0" pack="2" quality="80" props="" picType="0" scale="0"/>
   <item name="fbutton/meirifuli.png" type="Image" compress="0" pack="2" quality="80" props="" picType="0" scale="0"/>
   <item name="fbutton/mrqd_fl_icon.png" type="Image" compress="0" pack="2" quality="80" props="" picType="0" scale="0"/>
   <item name="fbutton/myqd_fl_icon.png" type="Image" compress="0" pack="2" quality="80" props="" picType="0" scale="0"/>
   <item name="fbutton/off.png" type="Image" compress="0" pack="2" quality="80" props="" picType="0" scale="0"/>
   <item name="fbutton/on.png" type="Image" compress="0" pack="2" quality="80" props="" picType="0" scale="0"/>
   <item name="fbutton/smrz_fl_icon.png" type="Image" compress="0" pack="2" quality="80" props="" picType="0" scale="0"/>
   <item name="fbutton/sqnj_zp_icon.png" type="Image" compress="0" pack="2" quality="80" props="" picType="0" scale="0"/>
   <item name="fbutton/tabicon1.png" type="Image" compress="0" pack="2" quality="80" props="" picType="0" scale="0"/>
   <item name="fbutton/tabicon10.png" type="Image" compress="0" pack="2" quality="80" props="" picType="0" scale="0"/>
   <item name="fbutton/tabicon10000.png" type="Image" compress="0" pack="2" quality="80" props="" picType="0" scale="0"/>
   <item name="fbutton/tabicon11.png" type="Image" compress="0" pack="2" quality="80" props="" picType="0" scale="0"/>
   <item name="fbutton/tabicon12.png" type="Image" compress="0" pack="2" quality="80" props="" picType="0" scale="0"/>
   <item name="fbutton/tabicon13.png" type="Image" compress="0" pack="2" quality="80" props="" picType="0" scale="0"/>
   <item name="fbutton/tabicon14.png" type="Image" compress="0" pack="2" quality="80" props="" picType="0" scale="0"/>
   <item name="fbutton/tabicon15.png" type="Image" compress="0" pack="2" quality="80" props="" picType="0" scale="0"/>
   <item name="fbutton/tabicon16.png" type="Image" compress="0" pack="2" quality="80" props="" picType="0" scale="0"/>
   <item name="fbutton/tabicon17.png" type="Image" compress="0" pack="2" quality="80" props="" picType="0" scale="0"/>
   <item name="fbutton/tabicon18.png" type="Image" compress="0" pack="2" quality="80" props="" picType="0" scale="0"/>
   <item name="fbutton/tabicon19.png" type="Image" compress="0" pack="2" quality="80" props="" picType="0" scale="0"/>
   <item name="fbutton/tabicon2.png" type="Image" compress="0" pack="2" quality="80" props="" picType="0" scale="0"/>
   <item name="fbutton/tabicon20.png" type="Image" compress="0" pack="2" quality="80" props="" picType="0" scale="0"/>
   <item name="fbutton/tabicon21.png" type="Image" compress="0" pack="2" quality="80" props="" picType="0" scale="0"/>
   <item name="fbutton/tabicon22.png" type="Image" compress="0" pack="2" quality="80" props="" picType="0" scale="0"/>
   <item name="fbutton/tabicon23.png" type="Image" compress="0" pack="2" quality="80" props="" picType="0" scale="0"/>
   <item name="fbutton/tabicon3.png" type="Image" compress="0" pack="2" quality="80" props="" picType="0" scale="0"/>
   <item name="fbutton/tabicon4.png" type="Image" compress="0" pack="2" quality="80" props="" picType="0" scale="0"/>
   <item name="fbutton/tabicon5.png" type="Image" compress="0" pack="2" quality="80" props="" picType="0" scale="0"/>
   <item name="fbutton/tabicon6.png" type="Image" compress="0" pack="2" quality="80" props="" picType="0" scale="0"/>
   <item name="fbutton/tabicon7.png" type="Image" compress="0" pack="2" quality="80" props="" picType="0" scale="0"/>
   <item name="fbutton/tabicon8.png" type="Image" compress="0" pack="2" quality="80" props="" picType="0" scale="0"/>
   <item name="fbutton/tabicon9.png" type="Image" compress="0" pack="2" quality="80" props="" picType="0" scale="0"/>
   <item name="fbutton/tabicon99.png" type="Image" compress="0" pack="2" quality="80" props="" picType="0" scale="0"/>
   <item name="fbutton/tltc_fl_icon.png" type="Image" compress="0" pack="2" quality="80" props="" picType="0" scale="0"/>
   <item name="fbutton/weiduanxiazai00.png" type="Image" compress="0" pack="2" quality="80" props="" picType="0" scale="0"/>
   <item name="fbutton/xstg_xs_icon.png" type="Image" compress="0" pack="2" quality="80" props="" picType="0" scale="0"/>
   <item name="fbutton/xszh_xs_icon.png" type="Image" compress="0" pack="2" quality="80" props="" picType="0" scale="0"/>
   <item name="fbutton/xy_fl_icon.png" type="Image" compress="0" pack="2" quality="80" props="" picType="0" scale="0"/>
   <item name="fbutton/yk_fl_icon.png" type="Image" compress="0" pack="2" quality="80" props="" picType="0" scale="0"/>
   <item name="fbutton/yxzp_zp_icon.png" type="Image" compress="0" pack="2" quality="80" props="" picType="0" scale="0"/>
   <item name="fbutton/zbxb_zp_icon.png" type="Image" compress="0" pack="2" quality="80" props="" picType="0" scale="0"/>
   <item name="comp/flag/baoxiang_1.png" type="Image" compress="0" pack="2" quality="80" props="" picType="0" scale="0"/>
   <item name="comp/flag/baoxiang_11.png" type="Image" compress="0" pack="2" quality="80" props="" picType="0" scale="0"/>
   <item name="comp/flag/baoxiang_2.png" type="Image" compress="0" pack="2" quality="80" props="" picType="0" scale="0"/>
   <item name="comp/flag/baoxiang_22.png" type="Image" compress="0" pack="2" quality="80" props="" picType="0" scale="0"/>
   <item name="comp/flag/baoxiang_3.png" type="Image" compress="0" pack="2" quality="80" props="" picType="0" scale="0"/>
   <item name="comp/flag/baoxiang_33.png" type="Image" compress="0" pack="2" quality="80" props="" picType="0" scale="0"/>
   <item name="comp/flag/cardtype1.png" type="Image" compress="0" pack="2" quality="80" props="" picType="0" scale="0"/>
   <item name="comp/flag/cardtype2.png" type="Image" compress="0" pack="2" quality="80" props="" picType="0" scale="0"/>
   <item name="comp/flag/cardtype3.png" type="Image" compress="0" pack="2" quality="80" props="" picType="0" scale="0"/>
   <item name="comp/flag/cardtype4.png" type="Image" compress="0" pack="2" quality="80" props="" picType="0" scale="0"/>
   <item name="comp/flag/chenwei_1.png" type="Image" compress="0" pack="2" quality="80" props="" picType="0" scale="0"/>
   <item name="comp/flag/chenwei_10.png" type="Image" compress="0" pack="2" quality="80" props="" picType="0" scale="0"/>
   <item name="comp/flag/chenwei_2.png" type="Image" compress="0" pack="2" quality="80" props="" picType="0" scale="0"/>
   <item name="comp/flag/chenwei_3.png" type="Image" compress="0" pack="2" quality="80" props="" picType="0" scale="0"/>
   <item name="comp/flag/chenwei_4.png" type="Image" compress="0" pack="2" quality="80" props="" picType="0" scale="0"/>
   <item name="comp/flag/chenwei_5.png" type="Image" compress="0" pack="2" quality="80" props="" picType="0" scale="0"/>
   <item name="comp/flag/chenwei_6.png" type="Image" compress="0" pack="2" quality="80" props="" picType="0" scale="0"/>
   <item name="comp/flag/chenwei_7.png" type="Image" compress="0" pack="2" quality="80" props="" picType="0" scale="0"/>
   <item name="comp/flag/chenwei_8.png" type="Image" compress="0" pack="2" quality="80" props="" picType="0" scale="0"/>
   <item name="comp/flag/chenwei_9.png" type="Image" compress="0" pack="2" quality="80" props="" picType="0" scale="0"/>
   <item name="husong/img_quality_1.png" type="Image" compress="0" pack="0" quality="80" props="" picType="0" scale="0"/>
   <item name="husong/img_quality_2.png" type="Image" compress="0" pack="0" quality="80" props="" picType="0" scale="0"/>
   <item name="husong/img_quality_3.png" type="Image" compress="0" pack="0" quality="80" props="" picType="0" scale="0"/>
   <item name="husong/img_quality_4.png" type="Image" compress="0" pack="0" quality="80" props="" picType="0" scale="0"/>
   <item name="husong/img_quality_5.png" type="Image" compress="0" pack="0" quality="80" props="" picType="0" scale="0"/>
   <item name="comp/image/item_1.png" type="Image" compress="0" pack="0" quality="80" props="" picType="0" scale="0"/>
   <item name="comp/image/item_2.png" type="Image" compress="0" pack="0" quality="80" props="" picType="0" scale="0"/>
   <item name="comp/image/item_3.png" type="Image" compress="0" pack="0" quality="80" props="" picType="0" scale="0"/>
   <item name="comp/image/item_4.png" type="Image" compress="0" pack="0" quality="80" props="" picType="0" scale="0"/>
   <item name="comp/image/item_5.png" type="Image" compress="0" pack="0" quality="80" props="" picType="0" scale="0"/>
   <item name="comp/image/item_6.png" type="Image" compress="0" pack="0" quality="80" props="" picType="0" scale="0"/>
   <item name="jingjichang/jjc_01.png" type="Image" compress="0" pack="0" quality="80" props="" picType="0" scale="0"/>
   <item name="jingjichang/jjc_02.png" type="Image" compress="0" pack="0" quality="80" props="" picType="0" scale="0"/>
   <item name="jingjichang/jjc_03.png" type="Image" compress="0" pack="0" quality="80" props="" picType="0" scale="0"/>
   <item name="jingjichang/jjc_04.png" type="Image" compress="0" pack="0" quality="80" props="" picType="0" scale="0"/>
   <item name="jingjichang/jjc_05.png" type="Image" compress="0" pack="0" quality="80" props="" picType="0" scale="0"/>
   <item name="comp/flag/task_baoxiang1.png" type="Image" compress="0" pack="2" quality="80" props="" picType="0" scale="0"/>
   <item name="comp/flag/task_baoxiang11.png" type="Image" compress="0" pack="2" quality="80" props="" picType="0" scale="0"/>
   <item name="comp/flag/task_baoxiang2.png" type="Image" compress="0" pack="2" quality="80" props="" picType="0" scale="0"/>
   <item name="comp/flag/task_baoxiang22.png" type="Image" compress="0" pack="2" quality="80" props="" picType="0" scale="0"/>
   <item name="comp/flag/task_baoxiang3.png" type="Image" compress="0" pack="2" quality="80" props="" picType="0" scale="0"/>
   <item name="comp/flag/task_baoxiang33.png" type="Image" compress="0" pack="2" quality="80" props="" picType="0" scale="0"/>
   <item name="comp/flag/task_baoxiang4.png" type="Image" compress="0" pack="2" quality="80" props="" picType="0" scale="0"/>
   <item name="comp/flag/task_baoxiang444.png" type="Image" compress="0" pack="2" quality="80" props="" picType="0" scale="0"/>
   <item name="comp/flag/woyaobianqiang_butiao00.png" type="Image" compress="0" pack="2" quality="80" props="" picType="0" scale="0"/>
   <item name="comp/flag/woyaobianqiang_butiao01.png" type="Image" compress="0" pack="2" quality="80" props="" picType="0" scale="0"/>
   <item name="comp/flag/woyaobianqiang_butiao02.png" type="Image" compress="0" pack="2" quality="80" props="" picType="0" scale="0"/>
   <item name="chat/button_fasong.png" type="Button" compress="0" pack="0" quality="80" props="anchorX=0.5@@!@@anchorY=0.5" picType="0" scale="0"/>
   <item name="chat/button_biaoqing.png" type="Button" compress="0" pack="0" quality="80" props="anchorX=0.5@@!@@anchorY=0.5" picType="0" scale="0"/>
   <item name="chat/button_kuaijieyu.png" type="Button" compress="0" pack="0" quality="80" props="anchorX=0.5@@!@@anchorY=0.5" picType="0" scale="0"/>
   <item name="guaji/btn_boss.png" type="Button" compress="0" pack="0" quality="80" props="anchorX=0.5@@!@@anchorY=0.5" picType="0" scale="0"/>
   <item name="huodong/xiyouSSR_bj.png" type="Image" compress="0" pack="2" quality="80" props="" picType="0" scale="0"/>
   <item name="huodong/yuanshitianzun.png" type="Image" compress="0" pack="2" quality="80" props="" picType="0" scale="0"/>
   <item name="huodong/qingdian714/haidisi.png" type="Image" compress="0" pack="2" quality="80" props="" picType="0" scale="0"/>
   <item name="huodong/qingdian714/banyueqingdian.png" type="Image" compress="0" pack="2" quality="80" props="" picType="0" scale="0"/>
   <item name="huodong/qingdian714/qirikuanghuan.png" type="Image" compress="0" pack="2" quality="80" props="" picType="0" scale="0"/>
   <item name="tanxian/bu.png" type="Image" compress="0" pack="2" quality="80" props="" picType="0" scale="0"/>
   <item name="tanxian/jiandao.png" type="Image" compress="0" pack="2" quality="80" props="" picType="0" scale="0"/>
   <item name="tanxian/shitou.png" type="Image" compress="0" pack="2" quality="80" props="" picType="0" scale="0"/>
   <item name="comp/image/panduola.png" type="Image" compress="0" pack="2" quality="80" props="" picType="0" scale="0"/>
   <item name="comp/image/kezhi.png" type="Image" compress="0" pack="2" quality="80" props="" picType="0" scale="0"/>
   <item name="rongyaozhizhan/dzjg_Title.png" type="Image" compress="0" pack="2" quality="80" props="" picType="0" scale="0"/>
   <item name="jingjichang/jjc_bj.jpg" type="Image" compress="0" pack="0" quality="80" props="" picType="0" scale="0"/>
   <item name="comp/bg/zhiyin_mengban.png" type="Image" compress="0" pack="2" quality="80" props="" picType="0" scale="0"/>
   <item name="comp/button/btn_zhuangbei.png" type="Button" compress="0" pack="0" quality="80" props="anchorX=0.5@@!@@anchorY=0.5" picType="0" scale="0"/>
   <item name="comp/button/btn_buzhen.png" type="Button" compress="0" pack="0" quality="80" props="anchorX=0.5@@!@@anchorY=0.5" picType="0" scale="0"/>
   <item name="comp/button/btn_yingxiong.png" type="Button" compress="0" pack="0" quality="80" props="anchorX=0.5@@!@@anchorY=0.5" picType="0" scale="0"/>
   <item name="bag/btn_tujian.png" type="Button" compress="0" pack="0" quality="80" props="anchorX=0.5@@!@@anchorY=0.5" picType="0" scale="0"/>
   <item name="bag/btn_vhongshengi.png" type="Button" compress="0" pack="0" quality="80" props="anchorX=0.5@@!@@anchorY=0.5" picType="0" scale="0"/>
   <item name="baowu/yulan.png" type="Image" compress="0" pack="0" quality="80" props="anchorX=0.5@@!@@anchorY=0.5" picType="0" scale="0"/>
   <item name="comp/bg/biaotidi.png" type="Image" compress="0" pack="0" quality="80" props="sizeGrid=0,59,0,45" picType="0" scale="0"/>
   <item name="shenmidaoyu/mingzikuang.png" type="Image" compress="0" pack="0" quality="80" props="sizeGrid=18,22,18,22" picType="0" scale="0"/>
   <item name="comp/title/meirirenwu.png" type="Image" compress="0" pack="2" quality="80" props="" picType="0" scale="0"/>
   <item name="tanxian/saizong.png" type="Image" compress="0" pack="2" quality="80" props="" picType="0" scale="0"/>
   <item name="tanxian/dizuo.png" type="Image" compress="0" pack="2" quality="80" props="" picType="0" scale="0"/>
   <item name="tanxian/saizi.png" type="Image" compress="0" pack="2" quality="80" props="" picType="0" scale="0"/>
   <item name="comp/title/gongxijihuo.png" type="Image" compress="0" pack="2" quality="80" props="" picType="0" scale="0"/>
   <item name="comp/title/guajishouyi.png" type="Image" compress="0" pack="2" quality="80" props="" picType="0" scale="0"/>
   <item name="comp/title/huodejiangli.png" type="Image" compress="0" pack="2" quality="80" props="" picType="0" scale="0"/>
   <item name="comp/title/jinjiechenggong.png" type="Image" compress="0" pack="2" quality="80" props="" picType="0" scale="0"/>
   <item name="comp/title/shanduihusong.png" type="Image" compress="0" pack="2" quality="80" props="" picType="0" scale="0"/>
   <item name="comp/title/shangdian.png" type="Image" compress="0" pack="2" quality="80" props="" picType="0" scale="0"/>
   <item name="comp/title/tupochengg.png" type="Image" compress="0" pack="2" quality="80" props="" picType="0" scale="0"/>
   <item name="comp/image/guang.png" type="Image" compress="0" pack="0" quality="80" props="" picType="0" scale="0"/>
   <item name="shenqi/30006.png" type="Image" compress="0" pack="2" quality="80" props="" picType="0" scale="0"/>
   <item name="comp/flag/jin.png" type="Image" compress="0" pack="2" quality="80" props="" picType="0" scale="0"/>
   <item name="comp/flag/tong.png" type="Image" compress="0" pack="2" quality="80" props="" picType="0" scale="0"/>
   <item name="comp/flag/yin.png" type="Image" compress="0" pack="2" quality="80" props="" picType="0" scale="0"/>
   <item name="comp/progressbar/progress_fumojindutiao.png" type="ProgressBar" compress="0" pack="0" quality="80" props="sizeGrid=0,13,0,13" picType="0" scale="0"/>
   <item name="rongyaozhizhan/sb.png" type="Image" compress="0" pack="2" quality="80" props="" picType="0" scale="0"/>
   <item name="rongyaozhizhan/victory.png" type="Image" compress="0" pack="2" quality="80" props="" picType="0" scale="0"/>
   <item name="rongyaozhizhan/ryzz_shibai.png" type="Image" compress="0" pack="2" quality="80" props="" picType="0" scale="0"/>
   <item name="rongyaozhizhan/ryzz_shengli.png" type="Image" compress="0" pack="2" quality="80" props="" picType="0" scale="0"/>
   <item name="rongyaozhizhan/ryb_icon.png" type="Image" compress="0" pack="0" quality="80" props="" picType="0" scale="0"/>
   <item name="fight/shengli_icon.png" type="Image" compress="0" pack="2" quality="80" props="" picType="0" scale="0"/>
   <item name="fight/shibai_icon.png" type="Image" compress="0" pack="2" quality="80" props="" picType="0" scale="0"/>
   <item name="zhaohuanshi/renwu.png" type="Image" compress="0" pack="2" quality="80" props="" picType="0" scale="0"/>
   <item name="zhaohuanshi/9.png" type="Image" compress="0" pack="2" quality="80" props="" picType="0" scale="0"/>
   <item name="zhaohuanshi/8.png" type="Image" compress="0" pack="2" quality="80" props="" picType="0" scale="0"/>
   <item name="zhaohuanshi/7.png" type="Image" compress="0" pack="2" quality="80" props="" picType="0" scale="0"/>
   <item name="zhaohuanshi/6.png" type="Image" compress="0" pack="2" quality="80" props="" picType="0" scale="0"/>
   <item name="zhaohuanshi/5.png" type="Image" compress="0" pack="2" quality="80" props="" picType="0" scale="0"/>
   <item name="zhaohuanshi/4.png" type="Image" compress="0" pack="2" quality="80" props="" picType="0" scale="0"/>
   <item name="zhaohuanshi/3.png" type="Image" compress="0" pack="2" quality="80" props="" picType="0" scale="0"/>
   <item name="zhaohuanshi/2.png" type="Image" compress="0" pack="2" quality="80" props="" picType="0" scale="0"/>
   <item name="zhaohuanshi/1.png" type="Image" compress="0" pack="2" quality="80" props="" picType="0" scale="0"/>
   <item name="zhandoubiaoxian/hongse.png" type="Image" compress="0" pack="0" quality="80" props="sizeGrid=0,90,0,150" picType="0" scale="0"/>
   <item name="zhandoubiaoxian/lanse.png" type="Image" compress="0" pack="0" quality="80" props="sizeGrid=0,90,0,150" picType="0" scale="0"/>
   <item name="zhandoubiaoxian/hongsedi.png" type="Image" compress="0" pack="2" quality="80" props="sizeGrid=163,0,16,0" picType="0" scale="0"/>
   <item name="zhandoubiaoxian/lansedi.png" type="Image" compress="0" pack="2" quality="80" props="sizeGrid=163,0,16,0" picType="0" scale="0"/>
   <item name="comp/title/chongzhi.png" type="Image" compress="0" pack="2" quality="80" props="" picType="0" scale="0"/>
   <item name="fbutton/shengwuzhuangpan.png" type="Image" compress="0" pack="2" quality="80" props="" picType="0" scale="0"/>
   <item name="gonghui/fight/pic_qizhi1.png" type="Image" compress="0" pack="2" quality="80" props="" picType="0" scale="0"/>
   <item name="gonghui/fight/pic_qizhi2.png" type="Image" compress="0" pack="2" quality="80" props="" picType="0" scale="0"/>
   <item name="gonghui/fight/pic_qizhi3.png" type="Image" compress="0" pack="2" quality="80" props="" picType="0" scale="0"/>
   <item name="fbutton/tabicon10001.png" type="Image" compress="0" pack="2" quality="80" props="" picType="0" scale="0"/>
   <item name="fbutton/qiri.png" type="Image" compress="0" pack="2" quality="80" props="" picType="0" scale="0"/>
   <item name="fbutton/shisiri.png" type="Image" compress="0" pack="2" quality="80" props="" picType="0" scale="0"/>
   <item name="fbutton/meiri.png" type="Image" compress="0" pack="2" quality="80" props="" picType="0" scale="0"/>
   <item name="fbutton/meizhou.png" type="Image" compress="0" pack="2" quality="80" props="" picType="0" scale="0"/>
   <item name="fbutton/meiyue.png" type="Image" compress="0" pack="2" quality="80" props="" picType="0" scale="0"/>
   <item name="huodong/hongtip.png" type="Image" compress="0" pack="2" quality="80" props="" picType="0" scale="0"/>
   <item name="guaji/tiaozhan2.png" type="Image" compress="0" pack="1" quality="80" props="" picType="0" scale="0"/>
   <item name="guaji/tiaozhan4.png" type="Image" compress="0" pack="1" quality="80" props="" picType="0" scale="0"/>
   <item name="comp/title/kuafuzhan.png" type="Image" compress="0" pack="2" quality="80" props="" picType="0" scale="0"/>
   <item name="comp/title/saodangchenggong.png" type="Image" compress="0" pack="2" quality="80" props="" picType="0" scale="0"/>
   <item name="lihui" type="" compress="0" pack="2" quality="80" props="" picType="0" scale="0"/>
   <item name="comp/button/lihuianniu.png" type="Image" compress="0" pack="0" quality="80" props="anchorX=0.5@@!@@anchorY=0.5" picType="0" scale="0"/>
   <item name="comp/button/peiyinanniu.png" type="Image" compress="0" pack="0" quality="80" props="anchorX=0.5@@!@@anchorY=0.5" picType="0" scale="0"/>
   <item name="hud/zenjia.png" type="Image" compress="0" pack="0" quality="80" props="anchorX=0.5@@!@@anchorY=0.5" picType="0" scale="0"/>
   <item name="tanxian/yun22.png" type="Image" compress="0" pack="2" quality="80" props="" picType="0" scale="0"/>
   <item name="comp/button/btn_chongzhi.png" type="Button" compress="0" pack="0" quality="80" props="anchorX=0.5@@!@@anchorY=0.5" picType="0" scale="0"/>
   <item name="comp/image/select2.png" type="Image" compress="0" pack="0" quality="80" props="sizeGrid=43,51,51,51" picType="0" scale="0"/>
   <item name="comp/image/select1.png" type="Image" compress="0" pack="0" quality="80" props="sizeGrid=42,35,41,38" picType="0" scale="0"/>
   <item name="comp/button/btn_shuaxin.png" type="Button" compress="0" pack="0" quality="80" props="anchorX=0.5@@!@@anchorY=0.5" picType="0" scale="0"/>
   <item name="zhaungbei/zhuangbeidi.jpg" type="Image" compress="0" pack="2" quality="80" props="" picType="0" scale="0"/>
   <item name="comp/image/kezhi2.png" type="Image" compress="0" pack="2" quality="80" props="" picType="0" scale="0"/>
   <item name="comp/title" type="" compress="0" pack="2" quality="80" props="" picType="0" scale="0"/>
   <item name="comp/title/VIPshengji.png" type="Image" compress="0" pack="2" quality="80" props="" picType="0" scale="0"/>
   <item name="comp/title/xianshibaox.png" type="Image" compress="0" pack="2" quality="80" props="" picType="0" scale="0"/>
   <item name="huoyuehuodong/timeActTitle1.png" type="Image" compress="0" pack="2" quality="80" props="" picType="0" scale="0"/>
   <item name="huoyuehuodong/timeActTitle10.png" type="Image" compress="0" pack="2" quality="80" props="" picType="0" scale="0"/>
   <item name="huoyuehuodong/timeActTitle10001.png" type="Image" compress="0" pack="2" quality="80" props="" picType="0" scale="0"/>
   <item name="huoyuehuodong/timeActTitle11.png" type="Image" compress="0" pack="2" quality="80" props="" picType="0" scale="0"/>
   <item name="huoyuehuodong/timeActTitle12.png" type="Image" compress="0" pack="2" quality="80" props="" picType="0" scale="0"/>
   <item name="huoyuehuodong/timeActTitle13.png" type="Image" compress="0" pack="2" quality="80" props="" picType="0" scale="0"/>
   <item name="huoyuehuodong/timeActTitle14.png" type="Image" compress="0" pack="2" quality="80" props="" picType="0" scale="0"/>
   <item name="huoyuehuodong/timeActTitle15.png" type="Image" compress="0" pack="2" quality="80" props="" picType="0" scale="0"/>
   <item name="huoyuehuodong/timeActTitle16.png" type="Image" compress="0" pack="2" quality="80" props="" picType="0" scale="0"/>
   <item name="huoyuehuodong/timeActTitle17.png" type="Image" compress="0" pack="2" quality="80" props="" picType="0" scale="0"/>
   <item name="huoyuehuodong/timeActTitle18.png" type="Image" compress="0" pack="2" quality="80" props="" picType="0" scale="0"/>
   <item name="huoyuehuodong/timeActTitle19.png" type="Image" compress="0" pack="2" quality="80" props="" picType="0" scale="0"/>
   <item name="huoyuehuodong/timeActTitle2.png" type="Image" compress="0" pack="2" quality="80" props="" picType="0" scale="0"/>
   <item name="huoyuehuodong/timeActTitle20.png" type="Image" compress="0" pack="2" quality="80" props="" picType="0" scale="0"/>
   <item name="huoyuehuodong/timeActTitle21.png" type="Image" compress="0" pack="2" quality="80" props="" picType="0" scale="0"/>
   <item name="huoyuehuodong/timeActTitle22.png" type="Image" compress="0" pack="2" quality="80" props="" picType="0" scale="0"/>
   <item name="huoyuehuodong/timeActTitle23.png" type="Image" compress="0" pack="2" quality="80" props="" picType="0" scale="0"/>
   <item name="huoyuehuodong/timeActTitle3.png" type="Image" compress="0" pack="2" quality="80" props="" picType="0" scale="0"/>
   <item name="huoyuehuodong/timeActTitle4.png" type="Image" compress="0" pack="2" quality="80" props="" picType="0" scale="0"/>
   <item name="huoyuehuodong/timeActTitle5.png" type="Image" compress="0" pack="2" quality="80" props="" picType="0" scale="0"/>
   <item name="huoyuehuodong/timeActTitle6.png" type="Image" compress="0" pack="2" quality="80" props="" picType="0" scale="0"/>
   <item name="huoyuehuodong/timeActTitle7.png" type="Image" compress="0" pack="2" quality="80" props="" picType="0" scale="0"/>
   <item name="huoyuehuodong/timeActTitle8.png" type="Image" compress="0" pack="2" quality="80" props="" picType="0" scale="0"/>
   <item name="huoyuehuodong/xianshidiaoluo.png" type="Image" compress="0" pack="2" quality="80" props="" picType="0" scale="0"/>
   <item name="huodong/luckturn/sepan.png" type="Image" compress="0" pack="2" quality="80" props="" picType="0" scale="0"/>
   <item name="huodong/neichefanli.png" type="Image" compress="0" pack="2" quality="80" props="" picType="0" scale="0"/>
   <item name="huodong/xszhaohuan/xianshizhaohuanpaihang_di01.png" type="Image" compress="0" pack="2" quality="80" props="" picType="0" scale="0"/>
   <item name="huodong/kaifu/kaifulibao03.png" type="Image" compress="0" pack="2" quality="80" props="" picType="0" scale="0"/>
   <item name="huodong/qingdian714/14tian.png" type="Image" compress="0" pack="2" quality="80" props="" picType="0" scale="0"/>
   <item name="shouchong/shouchon198yuan01.png" type="Image" compress="0" pack="2" quality="80" props="" picType="0" scale="0"/>
   <item name="shouchong/shouchon6yuan01.png" type="Image" compress="0" pack="2" quality="80" props="" picType="0" scale="0"/>
   <item name="shouchong/shouchon98yuan01.png" type="Image" compress="0" pack="2" quality="80" props="" picType="0" scale="0"/>
   <item name="shouchong/shouchon98yuan03.png" type="Image" compress="0" pack="2" quality="80" props="" picType="0" scale="0"/>
   <item name="comp/image/dabaoxiang.png" type="Image" compress="0" pack="2" quality="80" props="" picType="0" scale="0"/>
   <item name="comp/image/dabaoxiang2.png" type="Image" compress="0" pack="2" quality="80" props="" picType="0" scale="0"/>
   <item name="pipeisai/wanjiabanshenxiang01.png" type="Image" compress="0" pack="2" quality="80" props="" picType="0" scale="0"/>
   <item name="pipeisai/wanjiabanshenxiang02.png" type="Image" compress="0" pack="2" quality="80" props="" picType="0" scale="0"/>
   <item name="hud/btn_siliao.png" type="Button" compress="0" pack="0" quality="80" props="anchorX=0.5@@!@@anchorY=0.5" picType="0" scale="0"/>
   <item name="comp/headFrame" type="" compress="0" pack="2" quality="80" props="" picType="0" scale="0"/>
   <item name="comp/headFrame/icon_0.png" type="Image" compress="0" pack="2" quality="80" props="" picType="0" scale="0"/>
   <item name="comp/headFrame/icon_1.png" type="Image" compress="0" pack="2" quality="80" props="" picType="0" scale="0"/>
   <item name="comp/headFrame/icon_2.png" type="Image" compress="0" pack="2" quality="80" props="" picType="0" scale="0"/>
   <item name="huoyuehuodong/timeActTitle24.png" type="Image" compress="0" pack="2" quality="80" props="" picType="0" scale="0"/>
   <item name="huoyuehuodong/timeActTitle9.png" type="Image" compress="0" pack="2" quality="80" props="" picType="0" scale="0"/>
   <item name="comp/bg/dikuai.jpg" type="Image" compress="0" pack="0" quality="80" props="sizeGrid=26,29,22,28" picType="0" scale="0"/>
   <item name="fbutton/btn_neicefanli.png" type="Button" compress="0" pack="2" quality="80" props="" picType="0" scale="0"/>
   <item name="fbutton/guoqin5.png" type="Image" compress="0" pack="2" quality="80" props="" picType="0" scale="0"/>
   <item name="fbutton/guoqing1.png" type="Image" compress="0" pack="2" quality="80" props="" picType="0" scale="0"/>
   <item name="fbutton/guoqing4.png" type="Image" compress="0" pack="2" quality="80" props="" picType="0" scale="0"/>
   <item name="fbutton/tabicon24.png" type="Image" compress="0" pack="2" quality="80" props="" picType="0" scale="0"/>
   <item name="fbutton/xianshihuod.png" type="Image" compress="0" pack="2" quality="80" props="" picType="0" scale="0"/>
   <item name="guaji/jinbi1.png" type="Image" compress="0" pack="2" quality="80" props="" picType="0" scale="0"/>
   <item name="task/jiesuojinjie.png" type="Image" compress="0" pack="2" quality="80" props="" picType="0" scale="0"/>
   <item name="comp/bg/zizhidi.png" type="Image" compress="0" pack="0" quality="80" props="sizeGrid=64,60,62,60" picType="0" scale="0"/>
   <item name="zudui/texiao.png" type="Image" compress="0" pack="0" quality="80" props="" picType="0" scale="0"/>
   <item name="fbutton/btn_yongzhe.png" type="Button" compress="0" pack="2" quality="80" props="" picType="0" scale="0"/>
   <item name="comp/bg/neirongdi.png" type="Image" compress="0" pack="0" quality="80" props="sizeGrid=24,7,24,7" picType="0" scale="0"/>
</res>